CountryID;CityID;DistrictID;Zip
CH;30444;;5000
CH;30444;;5004
CH;30444;;5001
CH;30445;;4663
CH;30446;;5645
CH;30447;;5628
CH;30448;;5105
CH;30449;;5644
CH;30450;;5404
CH;30450;;5403
CH;30450;;5400
CH;30450;;5402
CH;30450;;5406
CH;30450;;5405
CH;30450;;5401
CH;30451;;8965
CH;30452;;5242
CH;30453;;5708
CH;30454;;5706
CH;30455;;4814
CH;30456;;5315
CH;30457;;5076
CH;30458;;4805
CH;30459;;5632
CH;30460;;5026
CH;30461;;6042
CH;30462;;5605
CH;30463;;5312
CH;30464;;5724
CH;30465;;5078
CH;30466;;5445
CH;30467;;5704
CH;30468;;5074
CH;30469;;5304
CH;30470;;5018
CH;30471;;5275
CH;30472;;5615
CH;30473;;5070
CH;30474;;5412
CH;30475;;5073
CH;30476;;5728
CH;30477;;5722
CH;30478;;5245
CH;30479;;5607
CH;30480;;5705
CH;30481;;5604
CH;30482;;5075
CH;30483;;5083
CH;30484;;8916
CH;30485;;4303
CH;30486;;5082
CH;30487;;8956
CH;30488;;5313
CH;30489;;5322
CH;30490;;5742
CH;30491;;5444
CH;30492;;5024
CH;30493;;5080
CH;30494;;5325
CH;30495;;5600
CH;30496;;5725
CH;30497;;4312
CH;30498;;5616
CH;30499;;5507
CH;30500;;5737
CH;30501;;5634
CH;30502;;4313
CH;30503;;5054
CH;30504;;5037
CH;30505;;5642
CH;30506;;4322
CH;30507;;4853
CH;30508;;5432
CH;30509;;5702
CH;30510;;5443
CH;30511;;5036
CH;30512;;8917
CH;30513;;5647
CH;30514;;4665
CH;30515;;5504
CH;30516;;4310
CH;30517;;4852
CH;30518;;8964
CH;30519;;5102
CH;30520;;5745
CH;30521;;5614
CH;30522;;5503
CH;30523;;5116
CH;30524;;5107
CH;30525;;5044
CH;30526;;5040
CH;30527;;5326
CH;30528;;5707
CH;30529;;5703
CH;30530;;5462
CH;30531;;5643
CH;30532;;8957
CH;30533;;5053
CH;30534;;5603
CH;30535;;5233
CH;30536;;4802
CH;30537;;5034
CH;30538;;5306
CH;30539;;5300
CH;30540;;4813
CH;30541;;5424
CH;30542;;5726
CH;30543;;8918
CH;30544;;5417
CH;30545;;5234
CH;30546;;5612
CH;30547;;5213
CH;30548;;4803
CH;30549;;5622
CH;30550;;4317
CH;30551;;5430
CH;30552;;5103
CH;30553;;5210
CH;30554;;5064
CH;30555;;5063
CH;30556;;5303
CH;30557;;5436
CH;30558;;5079
CH;30559;;4800
CH;30560;;5330
CH;30561;;4315
CH;30562;;9050
CH;30563;;9108
CH;30564;;9413
CH;30565;;9057
CH;30566;;9055
CH;30567;;9056
CH;30568;;9410
CH;30569;;9100
CH;30569;;9102
CH;30569;;9101
CH;30570;;9064
CH;30571;;9038
CH;30572;;9105
CH;30573;;9103
CH;30574;;9042
CH;30575;;9043
CH;30576;;9107
CH;30577;;9104
CH;30578;;9428
CH;30579;;9107
CH;30580;;3270
CH;30581;;4912
CH;30582;;1657
CH;30583;;3715
CH;30584;;3536
CH;30585;;3183
CH;30586;;3473
CH;30587;;3633
CH;30588;;3296
CH;30589;;4536
CH;30590;;3855
CH;30591;;4913
CH;30592;;3552
CH;30593;;3315
CH;30594;;3803
CH;30595;;2713
CH;30596;;2564
CH;30597;;3123
CH;30598;;3124
CH;30599;;3027
CH;30599;;3008
CH;30599;;3001
CH;30599;;3014
CH;30599;;3006
CH;30599;;3007
CH;30599;;3010
CH;30599;;3015
CH;30599;;3018
CH;30599;;3019
CH;30599;;3003
CH;30599;;3020
CH;30599;;3005
CH;30599;;3024
CH;30599;;3030
CH;30599;;3004
CH;30599;;3013
CH;30599;;3040
CH;30599;;3012
CH;30599;;3000
CH;30599;;3011
CH;30600;;2735
CH;30601;;3513
CH;30602;;3507
CH;30603;;3771
CH;30604;;3638
CH;30605;;3067
CH;30606;;3065
CH;30607;;3766
CH;30608;;3533
CH;30609;;3671
CH;30610;;3856
CH;30611;;3237
CH;30612;;6197
CH;30613;;3294
CH;30614;;3400
CH;30614;;3402
CH;30614;;3401
CH;30615;;3664
CH;30616;;4922
CH;30617;;2606
CH;30618;;2738
CH;30619;;2608
CH;30620;;2746
CH;30621;;3707
CH;30622;;3763
CH;30623;;3754
CH;30624;;2517
CH;30625;;3465
CH;30626;;3537
CH;30627;;3646
CH;30628;;3543
CH;30629;;4952
CH;30630;;3619
CH;30631;;3235
CH;30632;;3762
CH;30633;;3423
CH;30634;;2533
CH;30635;;3705
CH;30636;;3784
CH;30637;;3312
CH;30638;;3202
CH;30639;;3035
CH;30640;;3714
CH;30641;;3863
CH;30642;;2076
CH;30643;;3236
CH;30644;;3115
CH;30645;;3826
CH;30646;;4955
CH;30647;;3376
CH;30648;;2745
CH;30649;;3757
CH;30650;;3818
CH;30651;;3257
CH;30652;;3780
CH;30653;;3158
CH;30654;;3073
CH;30655;;3205
CH;30656;;3654
CH;30657;;3864
CH;30658;;3804
CH;30659;;2575
CH;30660;;3415
CH;30661;;3625
CH;30662;;3627
CH;30663;;3615
CH;30664;;3412
CH;30665;;3475
CH;30666;;3360
CH;30667;;3652
CH;30668;;3324
CH;30669;;3032
CH;30670;;3702
CH;30671;;3626
CH;30672;;4950
CH;30673;;3862
CH;30674;;3232
CH;30675;;3800
CH;30676;;3807
CH;30677;;3822
CH;30678;;3303
CH;30679;;3283
CH;30680;;3716
CH;30681;;3718
CH;30682;;3273
CH;30683;;3122
CH;30684;;3309
CH;30685;;3723
CH;30686;;3629
CH;30687;;3038
CH;30688;;4936
CH;30689;;3801
CH;30690;;3098
CH;30691;;3510
CH;30692;;3425
CH;30693;;3704
CH;30694;;3326
CH;30695;;3179
CH;30696;;2333
CH;30697;;2604
CH;30698;;2520
CH;30699;;2516
CH;30700;;4903
CH;30700;;4900
CH;30700;;4901
CH;30700;;4902
CH;30701;;3438
CH;30702;;3822
CH;30703;;3706
CH;30704;;3297
CH;30705;;3097
CH;30706;;2514
CH;30707;;3673
CH;30708;;4932
CH;30709;;3816
CH;30710;;3250
CH;30711;;3421
CH;30712;;4934
CH;30713;;2735
CH;30714;;2554
CH;30715;;3860
CH;30716;;4917
CH;30717;;3658
CH;30718;;2572
CH;30719;;2740
CH;30720;;3203
CH;30721;;3127
CH;30722;;3053
CH;30723;;3110
CH;30724;;3825
CH;30725;;3863
CH;30726;;3176
CH;30727;;2560
CH;30728;;4704
CH;30729;;3145
CH;30730;;3114
CH;30731;;3712
CH;30732;;2518
CH;30733;;3096
CH;30734;;4538
CH;30735;;3414
CH;30736;;3672
CH;30737;;3363
CH;30738;;3632
CH;30739;;3367
CH;30740;;3753
CH;30741;;2552
CH;30742;;2534
CH;30743;;3072
CH;30744;;2742
CH;30745;;2603
CH;30746;;2542
CH;30747;;2515
CH;30748;;3439
CH;30749;;2732
CH;30750;;3647
CH;30751;;3078
CH;30752;;3159
CH;30753;;3156
CH;30754;;3132
CH;30755;;4938
CH;30756;;3204
CH;30757;;3113
CH;30758;;3437
CH;30759;;3088
CH;30760;;3792
CH;30761;;3777
CH;30762;;2732
CH;30763;;1738
CH;30764;;3044
CH;30765;;3813
CH;30766;;6197
CH;30767;;2827
CH;30768;;3322
CH;30769;;3778
CH;30770;;3535
CH;30771;;3054
CH;30772;;3150
CH;30773;;3616
CH;30774;;3365
CH;30775;;3662
CH;30776;;3534
CH;30777;;3655
CH;30778;;2615
CH;30779;;2716
CH;30780;;3700
CH;30781;;3824
CH;30782;;3612
CH;30782;;3613
CH;30783;;3066
CH;30784;;3262
CH;30785;;3454
CH;30786;;3800
CH;30787;;2575
CH;30788;;2710
CH;30789;;3634
CH;30790;;3174
CH;30791;;3603
CH;30791;;3607
CH;30791;;3601
CH;30791;;3605
CH;30791;;3608
CH;30791;;3606
CH;30791;;3604
CH;30791;;3600
CH;30791;;3602
CH;30792;;4922
CH;30793;;3125
CH;30794;;3456
CH;30795;;2720
CH;30796;;3083
CH;30797;;3556
CH;30798;;3555
CH;30799;;2513
CH;30800;;3661
CH;30801;;3043
CH;30802;;3800
CH;30803;;4937
CH;30804;;3322
CH;30805;;3628
CH;30806;;3427
CH;30807;;2537
CH;30808;;2613
CH;30809;;3084
CH;30810;;3512
CH;30811;;3380
CH;30812;;3665
CH;30813;;3766
CH;30814;;3764
CH;30815;;3823
CH;30816;;3114
CH;30817;;4537
CH;30818;;3812
CH;30819;;3207
CH;30820;;3752
CH;30821;;3076
CH;30822;;3252
CH;30823;;3048
CH;30824;;4923
CH;30825;;3472
CH;30826;;4954
CH;30827;;3532
CH;30828;;3086
CH;30829;;3436
CH;30830;;3052
CH;30831;;3815
CH;30832;;3770
CH;30833;;4123
CH;30834;;4422
CH;30835;;4144
CH;30836;;4007
CH;30836;;4032
CH;30836;;4010
CH;30836;;4013
CH;30836;;4006
CH;30836;;4017
CH;30836;;4070
CH;30836;;4000
CH;30836;;4053
CH;30836;;4024
CH;30836;;4052
CH;30836;;4005
CH;30836;;4009
CH;30836;;4091
CH;30836;;4025
CH;30836;;4039
CH;30836;;4003
CH;30836;;4019
CH;30836;;4028
CH;30836;;4008
CH;30836;;4002
CH;30836;;4018
CH;30836;;4030
CH;30836;;4056
CH;30836;;4040
CH;30836;;4001
CH;30836;;4020
CH;30836;;4059
CH;30836;;4055
CH;30836;;4023
CH;30836;;4031
CH;30836;;4016
CH;30836;;4051
CH;30836;;4015
CH;30836;;4080
CH;30836;;4054
CH;30836;;4004
CH;30836;;4012
CH;30836;;4011
CH;30836;;4027
CH;30836;;4058
CH;30836;;4057
CH;30837;;4102
CH;30838;;4127
CH;30839;;4223
CH;30840;;4103
CH;30841;;4207
CH;30842;;4225
CH;30843;;4416
CH;30844;;4463
CH;30845;;4457
CH;30846;;4458
CH;30847;;4107
CH;30848;;4402
CH;30849;;4414
CH;30850;;4460
CH;30851;;4203
CH;30852;;4465
CH;30853;;4434
CH;30854;;4438
CH;30855;;4448
CH;30856;;4242
CH;30857;;4415
CH;30858;;4253
CH;30859;;4410
CH;30860;;4464
CH;30861;;4142
CH;30862;;4132
CH;30863;;4466
CH;30864;;4148
CH;30865;;4133
CH;30866;;4418
CH;30867;;4244
CH;30868;;4497
CH;30869;;4124
CH;30870;;4411
CH;30871;;4450
CH;30872;;4492
CH;30873;;4106
CH;30874;;4425
CH;30875;;4437
CH;30876;;4495
CH;30877;;4455
CH;30878;;4222
CH;30879;;4126
CH;30880;;1669
CH;30881;;1732
CH;30882;;1616
CH;30883;;1484
CH;30884;;1742
CH;30885;;1754
CH;30886;;1783
CH;30887;;1782
CH;30888;;3178
CH;30889;;1636
CH;30890;;1630
CH;30890;;1631
CH;30891;;1553
CH;30892;;1529
CH;30893;;1468
CH;30894;;1792
CH;30895;;1720
CH;30896;;1796
CH;30897;;1795
CH;30898;;1784
CH;30899;;1721
CH;30900;;1564
CH;30901;;3186
CH;30902;;1646
CH;30903;;1730
CH;30904;;1667
CH;30905;;1665
CH;30906;;1470
CH;30907;;1726
CH;30908;;3175
CH;30909;;3284
CH;30910;;1708
CH;30910;;1704
CH;30910;;1705
CH;30910;;1707
CH;30910;;1706
CH;30910;;1700
CH;30910;;1702
CH;30910;;1701
CH;30910;;1709
CH;30910;;1703
CH;30911;;3285
CH;30912;;1735
CH;30913;;1775
CH;30914;;1666
CH;30915;;1772
CH;30916;;1663
CH;30917;;1648
CH;30918;;1714
CH;30919;;1656
CH;30920;;1656
CH;30921;;1793
CH;30922;;3210
CH;30923;;1635
CH;30924;;1645
CH;30925;;1611
CH;30926;;1773
CH;30927;;1669
CH;30928;;3213
CH;30929;;3215
CH;30930;;1775
CH;30931;;1633
CH;30932;;1776
CH;30933;;1669
CH;30934;;3280
CH;30935;;1757
CH;30936;;1716
CH;30937;;1716
CH;30938;;1737
CH;30939;;1772
CH;30940;;1699
CH;30941;;1568
CH;30942;;1718
CH;30943;;1632
CH;30944;;1673
CH;30945;;1626
CH;30946;;1716
CH;30947;;1623
CH;30948;;1678
CH;30949;;1642
CH;30950;;1786
CH;30951;;1712
CH;30952;;1626
CH;30953;;1733
CH;30954;;3182
CH;30955;;1675
CH;30956;;1627
CH;30957;;1695
CH;30958;;1694
CH;30959;;1752
CH;30960;;1651
CH;30961;;1628
CH;30962;;3206
CH;30963;;1784
CH;30964;;3184
CH;30965;;1719
CH;30966;;1219
CH;30967;;1247
CH;30968;;1293
CH;30969;;1233
CH;30970;;1236
CH;30971;;1298
CH;30972;;1292
CH;30973;;1284
CH;30974;;1219
CH;30975;;1224
CH;30976;;1225
CH;30977;;1216
CH;30978;;1245
CH;30979;;1223
CH;30980;;1232
CH;30981;;1283
CH;30982;;1202
CH;30982;;1203
CH;30982;;1204
CH;30982;;1205
CH;30982;;1209
CH;30982;;1208
CH;30982;;1207
CH;30982;;1200
CH;30982;;1206
CH;30982;;1201
CH;30983;;1248
CH;30984;;1254
CH;30985;;1283
CH;30986;;1227
CH;30987;;1218
CH;30988;;1227
CH;30989;;1252
CH;30990;;1217
CH;30991;;1213
CH;30992;;1228
CH;30993;;1243
CH;30994;;1241
CH;30995;;1281
CH;30996;;1242
CH;30997;;1286
CH;30998;;1226
CH;30999;;1214
CH;31000;;1290
CH;31001;;1222
CH;31002;;1255
CH;31003;;8777
CH;31004;;8865
CH;31005;;8784
CH;31006;;8767
CH;31007;;8765
CH;31008;;8755
CH;31009;;8757
CH;31010;;8750
CH;31011;;8775
CH;31012;;8750
CH;31013;;8774
CH;31014;;8783
CH;31015;;8775
CH;31016;;8766
CH;31017;;8753
CH;31018;;8874
CH;31019;;8752
CH;31020;;8754
CH;31020;;8759
CH;31021;;8772
CH;31022;;8867
CH;31023;;8758
CH;31024;;8750
CH;31025;;8762
CH;31026;;8866
CH;31027;;7710
CH;31028;;7492
CH;31029;;7451
CH;31030;;7440
CH;31031;;7546
CH;31032;;7050
CH;31033;;6543
CH;31034;;7245
CH;31035;;6547
CH;31036;;7444
CH;31037;;7457
CH;31038;;7402
CH;31039;;7604
CH;31040;;7527
CH;31041;;7743
CH;31042;;6542
CH;31043;;6558
CH;31044;;6557
CH;31045;;7748
CH;31046;;7744
CH;31047;;7122
CH;31048;;7602
CH;31049;;7608
CH;31050;;7027
CH;31051;;6546
CH;31052;;7408
CH;31053;;7512
CH;31054;;7007
CH;31054;;7000
CH;31054;;7005
CH;31054;;7004
CH;31054;;7006
CH;31054;;7001
CH;31054;;7002
CH;31055;;7075
CH;31056;;7442
CH;31057;;7554
CH;31058;;7452
CH;31059;;7184
CH;31060;;7163
CH;31061;;7260
CH;31062;;7270
CH;31063;;7112
CH;31064;;7153
CH;31065;;7215
CH;31066;;7433
CH;31067;;7012
CH;31068;;7019
CH;31069;;7235
CH;31070;;7477
CH;31071;;7306
CH;31072;;7426
CH;31073;;7017
CH;31074;;7018
CH;31075;;7137
CH;31076;;7533
CH;31077;;7232
CH;31078;;7413
CH;31079;;6537
CH;31080;;7214
CH;31081;;7545
CH;31082;;7023
CH;31083;;7438
CH;31084;;7206
CH;31085;;7130
CH;31086;;7445
CH;31087;;7233
CH;31088;;7307
CH;31089;;7448
CH;31090;;7250
CH;31091;;7252
CH;31092;;7240
CH;31093;;7742
CH;31094;;7155
CH;31095;;7302
CH;31096;;7207
CH;31097;;7057
CH;31098;;7484
CH;31099;;6549
CH;31100;;7543
CH;31101;;7746
CH;31102;;6556
CH;31103;;6558
CH;31104;;7534
CH;31105;;7148
CH;31106;;7141
CH;31107;;7242
CH;31108;;7304
CH;31109;;7026
CH;31110;;7074
CH;31111;;7516
CH;31112;;7456
CH;31113;;7560
CH;31114;;7303
CH;31115;;7433
CH;31116;;7436
CH;31117;;6563
CH;31118;;7743
CH;31119;;7458
CH;31120;;7250
CH;31121;;7143
CH;31122;;7455
CH;31123;;7537
CH;31124;;7431
CH;31125;;7437
CH;31126;;7243
CH;31127;;7076
CH;31128;;7417
CH;31129;;7029
CH;31130;;7443
CH;31131;;7111
CH;31132;;7185
CH;31133;;7504
CH;31134;;7742
CH;31135;;7063
CH;31136;;7424
CH;31137;;7482
CH;31138;;7606
CH;31139;;7228
CH;31140;;7172
CH;31141;;7408
CH;31142;;7403
CH;31143;;7128
CH;31144;;7463
CH;31145;;7415
CH;31146;;7454
CH;31147;;7430
CH;31148;;6548
CH;31149;;7405
CH;31150;;7189
CH;31151;;7156
CH;31152;;7154
CH;31153;;7107
CH;31154;;7152
CH;31155;;7462
CH;31156;;7503
CH;31157;;7423
CH;31158;;7460
CH;31159;;7525
CH;31160;;7412
CH;31161;;7419
CH;31162;;7220
CH;31163;;7228
CH;31164;;7550
CH;31165;;7188
CH;31166;;7212
CH;31167;;6545
CH;31168;;7554
CH;31169;;7249
CH;31170;;7127
CH;31171;;7411
CH;31172;;7513
CH;31173;;6562
CH;31174;;7610
CH;31175;;7435
CH;31176;;7605
CH;31177;;7459
CH;31178;;7434
CH;31179;;7472
CH;31180;;7138
CH;31181;;7015
CH;31182;;7553
CH;31183;;7422
CH;31184;;7162
CH;31185;;7106
CH;31186;;7109
CH;31187;;7430
CH;31188;;7450
CH;31189;;7453
CH;31190;;7417
CH;31191;;7203
CH;31192;;7166
CH;31193;;7428
CH;31194;;7064
CH;31195;;7204
CH;31196;;7427
CH;31197;;7077
CH;31198;;7122
CH;31199;;7213
CH;31200;;6538
CH;31201;;7104
CH;31202;;7747
CH;31203;;7603
CH;31204;;7147
CH;31205;;7149
CH;31206;;7552
CH;31207;;7433
CH;31208;;7530
CH;31209;;7167
CH;31210;;7432
CH;31211;;7205
CH;31212;;7524
CH;31213;;2942
CH;31214;;2954
CH;31215;;2854
CH;31216;;2926
CH;31217;;2944
CH;31218;;2925
CH;31219;;2915
CH;31220;;2947
CH;31221;;2906
CH;31222;;2830
CH;31223;;2932
CH;31224;;2952
CH;31225;;2853
CH;31226;;2950
CH;31227;;2830
CH;31228;;2822
CH;31229;;2905
CH;31230;;2923
CH;31231;;2852
CH;31232;;2914
CH;31233;;2800
CH;31234;;2916
CH;31235;;2902
CH;31236;;2855
CH;31237;;2908
CH;31238;;2345
CH;31239;;2340
CH;31240;;2345
CH;31241;;2336
CH;31242;;2345
CH;31243;;2353
CH;31244;;2807
CH;31245;;2933
CH;31246;;2827
CH;31247;;2946
CH;31248;;2875
CH;31249;;2924
CH;31250;;2812
CH;31251;;2889
CH;31252;;2807
CH;31253;;2900
CH;31254;;2350
CH;31255;;2873
CH;31256;;2887
CH;31257;;2805
CH;31258;;2863
CH;31259;;2943
CH;31260;;2829
CH;31261;;2824
CH;31262;;6043
CH;31263;;6248
CH;31264;;6246
CH;31265;;6275
CH;31266;;6215
CH;31267;;6033
CH;31268;;6233
CH;31269;;6018
CH;31270;;6252
CH;31271;;6112
CH;31272;;6030
CH;31272;;6031
CH;31273;;6205
CH;31274;;6013
CH;31275;;6032
CH;31276;;6020
CH;31277;;6162
CH;31278;;6182
CH;31279;;6218
CH;31280;;6284
CH;31281;;6142
CH;31282;;6232
CH;31283;;6404
CH;31284;;6022
CH;31285;;6222
CH;31286;;6289
CH;31287;;6016
CH;31288;;6353
CH;31289;;6024
CH;31290;;6285
CH;31291;;6280
CH;31291;;6281
CH;31292;;6276
CH;31293;;6048
CH;31294;;6034
CH;31295;;6047
CH;31296;;6213
CH;31297;;6010
CH;31297;;6011
CH;31298;;6014
CH;31299;;6156
CH;31300;;6009
CH;31300;;6006
CH;31300;;6007
CH;31300;;6005
CH;31300;;6004
CH;31300;;6003
CH;31300;;6000
CH;31300;;6002
CH;31301;;6102
CH;31302;;6216
CH;31303;;6045
CH;31304;;6344
CH;31305;;6122
CH;31306;;6244
CH;31307;;6025
CH;31308;;6206
CH;31309;;6207
CH;31310;;6143
CH;31311;;6035
CH;31312;;6264
CH;31313;;6260
CH;31314;;6263
CH;31315;;6356
CH;31316;;6037
CH;31317;;6017
CH;31318;;6196
CH;31319;;6214
CH;31320;;6288
CH;31321;;6247
CH;31322;;6170
CH;31323;;6174
CH;31324;;6210
CH;31325;;6234
CH;31326;;6044
CH;31327;;6253
CH;31328;;6153
CH;31329;;6354
CH;31330;;6242
CH;31331;;6353
CH;31332;;6106
CH;31333;;6192
CH;31334;;4806
CH;31335;;6130
CH;31336;;6235
CH;31337;;6110
CH;31338;;2015
CH;31339;;2012
CH;31340;;2022
CH;31341;;2043
CH;31342;;2017
CH;31343;;2149
CH;31344;;2318
CH;31345;;2115
CH;31346;;2053
CH;31347;;2067
CH;31348;;2025
CH;31349;;2016
CH;31350;;2108
CH;31351;;2056
CH;31352;;2114
CH;31353;;2052
CH;31354;;2023
CH;31355;;2406
CH;31356;;2300
CH;31356;;2303
CH;31356;;2304
CH;31356;;2301
CH;31356;;2305
CH;31356;;2306
CH;31356;;2302
CH;31357;;2117
CH;31358;;2525
CH;31359;;2400
CH;31360;;2127
CH;31361;;2416
CH;31362;;2206
CH;31363;;2208
CH;31364;;2316
CH;31365;;2126
CH;31366;;2523
CH;31367;;2074
CH;31368;;2000
CH;31369;;2103
CH;31370;;2034
CH;31371;;2065
CH;31372;;2075
CH;31373;;2105
CH;31374;;2042
CH;31375;;6375
CH;31376;;6374
CH;31377;;6363
CH;31378;;6383
CH;31379;;6376
CH;31380;;6373
CH;31381;;6365
CH;31382;;6383
CH;31383;;6387
CH;31384;;6371
CH;31384;;6370
CH;31385;;6362
CH;31386;;6386
CH;31387;;6053
CH;31388;;6391
CH;31388;;6390
CH;31389;;6074
CH;31390;;6388
CH;31391;;6064
CH;31392;;6078
CH;31393;;6067
CH;31394;;6072
CH;31395;;6060
CH;31396;;9423
CH;31397;;8873
CH;31398;;7310
CH;31399;;9436
CH;31400;;9602
CH;31401;;9442
CH;31402;;8892
CH;31403;;9552
CH;31404;;9125
CH;31405;;9606
CH;31406;;9113
CH;31407;;9444
CH;31408;;9642
CH;31409;;9034
CH;31410;;9453
CH;31411;;9230
CH;31412;;8890
CH;31413;;9030
CH;31414;;9473
CH;31415;;9608
CH;31416;;9403
CH;31417;;8638
CH;31418;;8737
CH;31419;;9472
CH;31420;;9312
CH;31421;;9435
CH;31422;;9633
CH;31423;;9247
CH;31424;;8645
CH;31425;;9243
CH;31426;;8722
CH;31427;;9622
CH;31428;;9302
CH;31429;;9643
CH;31430;;9620
CH;31431;;9464
CH;31432;;9604
CH;31433;;8887
CH;31434;;9122
CH;31435;;8885
CH;31436;;9402
CH;31437;;9607
CH;31438;;9613
CH;31439;;9313
CH;31440;;8877
CH;31441;;9126
CH;31442;;9650
CH;31443;;9246
CH;31444;;9527
CH;31445;;9244
CH;31446;;9245
CH;31447;;9621
CH;31448;;8884
CH;31449;;9242
CH;31450;;8883
CH;31451;;8878
CH;31452;;9445
CH;31453;;9424
CH;31454;;9404
CH;31455;;8723
CH;31456;;9465
CH;31457;;7320
CH;31458;;9468
CH;31459;;8718
CH;31460;;8716
CH;31461;;9466
CH;31462;;9475
CH;31463;;9425
CH;31464;;9477
CH;31465;;8882
CH;31466;;9657
CH;31467;;8730
CH;31468;;9240
CH;31469;;7317
CH;31470;;7317
CH;31471;;7315
CH;31472;;7324
CH;31473;;9205
CH;31474;;7323
CH;31475;;9478
CH;31476;;9630
CH;31477;;8872
CH;31478;;7326
CH;31479;;9470
CH;31480;;9658
CH;31481;;9303
CH;31482;;9526
CH;31483;;8228
CH;31484;;8222
CH;31485;;8454
CH;31486;;8214
CH;31487;;8215
CH;31488;;8261
CH;31489;;8231
CH;31490;;8232
CH;31491;;8212
CH;31492;;8213
CH;31493;;8216
CH;31494;;8218
CH;31495;;8262
CH;31496;;8455
CH;31497;;8205
CH;31497;;8204
CH;31497;;8203
CH;31497;;8207
CH;31497;;8202
CH;31497;;8200
CH;31497;;8201
CH;31497;;8208
CH;31497;;8206
CH;31498;;8226
CH;31499;;8225
CH;31500;;8260
CH;31501;;8240
CH;31502;;8219
CH;31503;;8217
CH;31504;;4714
CH;31505;;4710
CH;31506;;4252
CH;31507;;2544
CH;31508;;4562
CH;31509;;4226
CH;31510;;3307
CH;31511;;4227
CH;31512;;4543
CH;31513;;4552
CH;31514;;4143
CH;31515;;4622
CH;31516;;4228
CH;31517;;4532
CH;31518;;4629
CH;31519;;4716
CH;31520;;4145
CH;31521;;4563
CH;31522;;2540
CH;31523;;4617
CH;31524;;4614
CH;31525;;4566
CH;31526;;4633
CH;31527;;4715
CH;31528;;4577
CH;31529;;4204
CH;31530;;4146
CH;31531;;4245
CH;31532;;4566
CH;31533;;4581
CH;31534;;4712
CH;31535;;4654
CH;31536;;4542
CH;31537;;4115
CH;31538;;4713
CH;31539;;3254
CH;31540;;4116
CH;31541;;4717
CH;31542;;4626
CH;31543;;5015
CH;31544;;5013
CH;31545;;4208
CH;31546;;4625
CH;31547;;5016
CH;31548;;4564
CH;31549;;4653
CH;31550;;4702
CH;31551;;4603
CH;31551;;4601
CH;31551;;4600
CH;31552;;4719
CH;31553;;4533
CH;31554;;4118
CH;31555;;3253
CH;31556;;5012
CH;31557;;2545
CH;31558;;4503
CH;31558;;4502
CH;31558;;4509
CH;31558;;4501
CH;31558;;4500
CH;31559;;4553
CH;31560;;4632
CH;31561;;4716
CH;31562;;4628
CH;31563;;4528
CH;31564;;4234
CH;31565;;8849
CH;31566;;8852
CH;31567;;6415
CH;31568;;6440
CH;31569;;8840
CH;31570;;8844
CH;31571;;8835
CH;31572;;8807
CH;31573;;6442
CH;31574;;6410
CH;31575;;8640
CH;31576;;6438
CH;31577;;6434
CH;31578;;6405
CH;31579;;8858
CH;31580;;6403
CH;31581;;6424
CH;31582;;6443
CH;31583;;6436
CH;31584;;8843
CH;31585;;8864
CH;31586;;6452
CH;31587;;6410
CH;31588;;6418
CH;31589;;6417
CH;31590;;8834
CH;31591;;8862
CH;31592;;6431
CH;31592;;6430
CH;31593;;8854
CH;31594;;6422
CH;31595;;6416
CH;31596;;8856
CH;31597;;8842
CH;31598;;8857
CH;31599;;8832
CH;31600;;8355
CH;31601;;9556
CH;31602;;8573
CH;31603;;8595
CH;31604;;8580
CH;31605;;9320
CH;31606;;8254
CH;31607;;8363
CH;31608;;8514
CH;31609;;8598
CH;31610;;8253
CH;31611;;9322
CH;31612;;8586
CH;31613;;8272
CH;31614;;8264
CH;31615;;8553
CH;31616;;8259
CH;31617;;8376
CH;31618;;8500
CH;31618;;8501
CH;31618;;8503
CH;31618;;8502
CH;31619;;8547
CH;31620;;8500
CH;31621;;8274
CH;31622;;8594
CH;31623;;9213
CH;31624;;8535
CH;31625;;8585
CH;31626;;8508
CH;31627;;8507
CH;31628;;9326
CH;31629;;8553
CH;31630;;8536
CH;31631;;8546
CH;31632;;8546
CH;31633;;8593
CH;31634;;9214
CH;31635;;8280
CH;31636;;8585
CH;31637;;9506
CH;31638;;8265
CH;31639;;8560
CH;31640;;9562
CH;31641;;9548
CH;31642;;9517
CH;31643;;9217
CH;31644;;8587
CH;31645;;8505
CH;31646;;8558
CH;31647;;8590
CH;31648;;8599
CH;31649;;8596
CH;31650;;8255
CH;31651;;8577
CH;31652;;8573
CH;31653;;8370
CH;31654;;8580
CH;31655;;8266
CH;31656;;9507
CH;31657;;8583
CH;31658;;8274
CH;31659;;8512
CH;31660;;9555
CH;31661;;8524
CH;31662;;8592
CH;31663;;8259
CH;31664;;8564
CH;31665;;9545
CH;31666;;8570
CH;31667;;8556
CH;31668;;9514
CH;31669;;8588
CH;31670;;6716
CH;31671;;6982
CH;31672;;6927
CH;31673;;6780
CH;31674;;6781
CH;31675;;6775
CH;31676;;6748
CH;31677;;6719
CH;31678;;6517
CH;31679;;6618
CH;31680;;6822
CH;31681;;6939
CH;31682;;6864
CH;31683;;6612
CH;31684;;6999
CH;31685;;6661
CH;31686;;6677
CH;31687;;6670
CH;31688;;6828
CH;31689;;6981
CH;31690;;6781
CH;31691;;6500
CH;31691;;6503
CH;31691;;6501
CH;31692;;6661
CH;31693;;6710
CH;31694;;6958
CH;31695;;6676
CH;31696;;6954
CH;31697;;6934
CH;31698;;6804
CH;31699;;6816
CH;31700;;6951
CH;31701;;6658
CH;31702;;6979
CH;31703;;6937
CH;31704;;6614
CH;31705;;6693
CH;31706;;6692
CH;31707;;6827
CH;31708;;6814
CH;31709;;6593
CH;31710;;6965
CH;31711;;6955
CH;31712;;6760
CH;31713;;6528
CH;31714;;6952
CH;31715;;6825
CH;31716;;6584
CH;31717;;6875
CH;31718;;6987
CH;31719;;6976
CH;31720;;6532
CH;31721;;6723
CH;31722;;6690
CH;31723;;6578
CH;31724;;6683
CH;31725;;6959
CH;31726;;6675
CH;31727;;6830
CH;31728;;6764
CH;31729;;6747
CH;31730;;6959
CH;31731;;6684
CH;31732;;6702
CH;31733;;6949
CH;31734;;6663
CH;31735;;6594
CH;31736;;6646
CH;31737;;6631
CH;31738;;6611
CH;31739;;6705
CH;31740;;6516
CH;31741;;6959
CH;31742;;6774
CH;31743;;6967
CH;31744;;6715
CH;31745;;6760
CH;31746;;6636
CH;31747;;6696
CH;31748;;6978
CH;31749;;6852
CH;31750;;6745
CH;31751;;6512
CH;31752;;6678
CH;31753;;6525
CH;31754;;6672
CH;31755;;6596
CH;31756;;6518
CH;31757;;6929
CH;31758;;6611
CH;31759;;6571
CH;31760;;6655
CH;31761;;6707
CH;31762;;6993
CH;31763;;6614
CH;31764;;6810
CH;31765;;6633
CH;31766;;6746
CH;31767;;6853
CH;31768;;6604
CH;31768;;6605
CH;31768;;6600
CH;31768;;6601
CH;31769;;6661
CH;31770;;6678
CH;31771;;6527
CH;31772;;6616
CH;31773;;6716
CH;31774;;6721
CH;31775;;6900
CH;31775;;6903
CH;31775;;6901
CH;31776;;6533
CH;31777;;6573
CH;31778;;6673
CH;31779;;6713
CH;31780;;6928
CH;31781;;6817
CH;31782;;6900
CH;31783;;6809
CH;31784;;6818
CH;31785;;6815
CH;31786;;6850
CH;31787;;6647
CH;31788;;6866
CH;31789;;6805
CH;31790;;6986
CH;31791;;6648
CH;31792;;6677
CH;31793;;6524
CH;31794;;6926
CH;31795;;6875
CH;31796;;6513
CH;31797;;6834
CH;31798;;6835
CH;31799;;6922
CH;31800;;6611
CH;31801;;6939
CH;31802;;6838
CH;31803;;6986
CH;31804;;6883
CH;31805;;6718
CH;31806;;6763
CH;31807;;6703
CH;31808;;6657
CH;31809;;6695
CH;31810;;6832
CH;31811;;6744
CH;31812;;6582
CH;31813;;6579
CH;31814;;6776
CH;31815;;6724
CH;31816;;6613
CH;31817;;6963
CH;31818;;6526
CH;31819;;6723
CH;31820;;6984
CH;31821;;6572
CH;31822;;6777
CH;31823;;6674
CH;31824;;6599
CH;31825;;6622
CH;31826;;6760
CH;31827;;6821
CH;31828;;6514
CH;31829;;6997
CH;31830;;6806
CH;31831;;6951
CH;31832;;6749
CH;31833;;6600
CH;31834;;6674
CH;31835;;6637
CH;31836;;6968
CH;31837;;6924
CH;31838;;6663
CH;31839;;6855
CH;31840;;6807
CH;31841;;6652
CH;31842;;6598
CH;31843;;6950
CH;31844;;6717
CH;31845;;6833
CH;31846;;6575
CH;31847;;6655
CH;31848;;6664
CH;31849;;6653
CH;31850;;6962
CH;31851;;6474
CH;31852;;6490
CH;31853;;6468
CH;31854;;6466
CH;31855;;6475
CH;31856;;6472
CH;31857;;6487
CH;31858;;6482
CH;31859;;6493
CH;31860;;6476
CH;31861;;6461
CH;31862;;6491
CH;31863;;6441
CH;31864;;6467
CH;31865;;6377
CH;31866;;6473
CH;31867;;6452
CH;31868;;6464
CH;31869;;6465
CH;31870;;8751
CH;31871;;1352
CH;31872;;1860
CH;31873;;1165
CH;31874;;1143
CH;31875;;1884
CH;31876;;1273
CH;31877;;1042
CH;31878;;1170
CH;31879;;1580
CH;31880;;1338
CH;31881;;1144
CH;31882;;1446
CH;31883;;1372
CH;31884;;1268
CH;31885;;1092
CH;31886;;1038
CH;31887;;1880
CH;31888;;1145
CH;31889;;1042
CH;31890;;1807
CH;31891;;1279
CH;31892;;1427
CH;31893;;1277
CH;31894;;1041
CH;31895;;1683
CH;31896;;1453
CH;31897;;1195
CH;31898;;1183
CH;31899;;1261
CH;31900;;1824
CH;31901;;1589
CH;31902;;1424
CH;31903;;1443
CH;31904;;1803
CH;31905;;1660
CH;31906;;1464
CH;31907;;1373
CH;31908;;1464
CH;31909;;1885
CH;31910;;1545
CH;31911;;1071
CH;31912;;1536
CH;31913;;1426
CH;31914;;1296
CH;31915;;1856
CH;31916;;1304
CH;31917;;1263
CH;31918;;1023
CH;31919;;1588
CH;31920;;1096
CH;31921;;1306
CH;31922;;1304
CH;31923;;1582
CH;31924;;1407
CH;31925;;1040
CH;31926;;1066
CH;31927;;1417
CH;31928;;1186
CH;31929;;1262
CH;31930;;1595
CH;31931;;1420
CH;31932;;1297
CH;31933;;1055
CH;31934;;1272
CH;31935;;1182
CH;31936;;1188
CH;31937;;1276
CH;31938;;1271
CH;31939;;1196
CH;31940;;1823
CH;31941;;1124
CH;31942;;1376
CH;31943;;1117
CH;31944;;1543
CH;31945;;1422
CH;31946;;1882
CH;31947;;1884
CH;31948;;1806
CH;31949;;1862
CH;31950;;1265
CH;31951;;1660
CH;31952;;1315
CH;31953;;1658
CH;31954;;1814
CH;31955;;1344
CH;31956;;1004
CH;31956;;1005
CH;31956;;1007
CH;31956;;1001
CH;31956;;1012
CH;31956;;1006
CH;31956;;1018
CH;31956;;1000
CH;31956;;1011
CH;31956;;1010
CH;31956;;1015
CH;31956;;1002
CH;31956;;1003
CH;31957;;1892
CH;31958;;1892
CH;31959;;1348
CH;31960;;1052
CH;31961;;1342
CH;31962;;1347
CH;31963;;1863
CH;31964;;1261
CH;31965;;1833
CH;31966;;1343
CH;31967;;1865
CH;31968;;1862
CH;31969;;1660
CH;31970;;1888
CH;31971;;1607
CH;31972;;1854
CH;31973;;1148
CH;31974;;1261
CH;31975;;1522
CH;31976;;1095
CH;31977;;1613
CH;31978;;1261
CH;31979;;1453
CH;31980;;1354
CH;31981;;1820
CH;31982;;1147
CH;31983;;1185
CH;31984;;1892
CH;31985;;1110
CH;31986;;1510
CH;31987;;1041
CH;31988;;1431
CH;31989;;1260
CH;31990;;1580
CH;31991;;1413
CH;31992;;1350
CH;31993;;1610
CH;31994;;1416
CH;31995;;1142
CH;31996;;1867
CH;31997;;1094
CH;31998;;1530
CH;31999;;1059
CH;32000;;1305
CH;32001;;1166
CH;32002;;1197
CH;32003;;1008
CH;32004;;1428
CH;32005;;1070
CH;32006;;1009
CH;32007;;1439
CH;32008;;1180
CH;32009;;1323
CH;32010;;1032
CH;32011;;1088
CH;32012;;1658
CH;32013;;1659
CH;32014;;1463
CH;32015;;1414
CH;32016;;1073
CH;32017;;1554
CH;32018;;1062
CH;32019;;1433
CH;32020;;1295
CH;32021;;1410
CH;32022;;1270
CH;32023;;1552
CH;32024;;1337
CH;32025;;1325
CH;32026;;1800
CH;32027;;1820
CH;32028;;1584
CH;32029;;1884
CH;32030;;1184
CH;32031;;1445
CH;32032;;1115
CH;32033;;1169
CH;32034;;1401
CH;32035;;1462
CH;32036;;1853
CH;32037;;3951
CH;32038;;3955
CH;32039;;1994
CH;32040;;1974
CH;32041;;1957
CH;32042;;1986
CH;32043;;3995
CH;32044;;1966
CH;32045;;3961
CH;32046;;3937
CH;32047;;1996
CH;32048;;3914
CH;32049;;3997
CH;32050;;3991
CH;32051;;1996
CH;32052;;3996
CH;32053;;3982
CH;32054;;3989
CH;32055;;1897
CH;32056;;1932
CH;32057;;1967
CH;32058;;3957
CH;32059;;3900
CH;32060;;3900
CH;32061;;1934
CH;32062;;3935
CH;32063;;3966
CH;32064;;1955
CH;32065;;1874
CH;32066;;1938
CH;32067;;3961
CH;32068;;1906
CH;32069;;1927
CH;32070;;3971
CH;32071;;3965
CH;32072;;1868
CH;32073;;1903
CH;32074;;1964
CH;32075;;3963
CH;32076;;1905
CH;32077;;3939
CH;32078;;3943
CH;32079;;3909
CH;32080;;3926
CH;32081;;1976
CH;32082;;3995
CH;32083;;3957
CH;32084;;1982
CH;32085;;1902
CH;32086;;1983
CH;32087;;3931
CH;32088;;3916
CH;32089;;3956
CH;32090;;3984
CH;32091;;1925
CH;32092;;1948
CH;32093;;1926
CH;32094;;3945
CH;32095;;3900
CH;32096;;3981
CH;32097;;3902
CH;32098;;3901
CH;32099;;3917
CH;32100;;3983
CH;32101;;3920
CH;32102;;3925
CH;32103;;3993
CH;32104;;3961
CH;32105;;1971
CH;32106;;3979
CH;32107;;3946
CH;32108;;3927
CH;32109;;1987
CH;32110;;3953
CH;32111;;1914
CH;32112;;3801
CH;32113;;3917
CH;32114;;3931
CH;32115;;3994
CH;32116;;1978
CH;32117;;1984
CH;32118;;1923
CH;32119;;3953
CH;32120;;3954
CH;32121;;1912
CH;32122;;1945
CH;32123;;1948
CH;32124;;1920
CH;32125;;1921
CH;32126;;1968
CH;32127;;3972
CH;32128;;1870
CH;32129;;3983
CH;32130;;1875
CH;32131;;3903
CH;32132;;3904
CH;32133;;1973
CH;32134;;3945
CH;32135;;3942
CH;32136;;3989
CH;32137;;3948
CH;32138;;3981
CH;32139;;3999
CH;32140;;1937
CH;32141;;1911
CH;32142;;1897
CH;32143;;1943
CH;32144;;3928
CH;32145;;3975
CH;32146;;3942
CH;32147;;1908
CH;32148;;3911
CH;32149;;3987
CH;32150;;3989
CH;32151;;1913
CH;32152;;3970
CH;32153;;1922
CH;32154;;1965
CH;32155;;1907
CH;32156;;1933
CH;32157;;3960
CH;32158;;3907
CH;32159;;1950
CH;32159;;1951
CH;32160;;3933
CH;32161;;3995
CH;32162;;3952
CH;32163;;3929
CH;32164;;3912
CH;32165;;3923
CH;32166;;1929
CH;32167;;1872
CH;32168;;3946
CH;32169;;3988
CH;32170;;3953
CH;32171;;1936
CH;32172;;3967
CH;32173;;1961
CH;32174;;1904
CH;32175;;1963
CH;32176;;1981
CH;32177;;1993
CH;32178;;1895
CH;32179;;3930
CH;32180;;3932
CH;32181;;3961
CH;32182;;1896
CH;32183;;3934
CH;32184;;3920
CH;32185;;3961
CH;32186;;6342
CH;32186;;6341
CH;32186;;6340
CH;32187;;6343
CH;32188;;6330
CH;32189;;6331
CH;32190;;6313
CH;32191;;6315
CH;32192;;6345
CH;32193;;6343
CH;32194;;6343
CH;32195;;6340
CH;32196;;6312
CH;32197;;6314
CH;32198;;6318
CH;32199;;6304
CH;32199;;6303
CH;32199;;6300
CH;32199;;6301
CH;32199;;6302
CH;32200;;6300
CH;32201;;8134
CH;32202;;8910
CH;32203;;8453
CH;32204;;8450
CH;32205;;8184
CH;32206;;8164
CH;32207;;8344
CH;32208;;8303
CH;32209;;8494
CH;32210;;8906
CH;32211;;8311
CH;32212;;8306
CH;32213;;8608
CH;32214;;8180
CH;32215;;8447
CH;32216;;8157
CH;32217;;8953
CH;32218;;8305
CH;32219;;8474
CH;32220;;8600
CH;32221;;8635
CH;32222;;8307
CH;32223;;8193
CH;32224;;8353
CH;32225;;8464
CH;32226;;8548
CH;32227;;8424
CH;32228;;8117
CH;32229;;8320
CH;32230;;8714
CH;32231;;8706
CH;32232;;8245
CH;32233;;8497
CH;32234;;8416
CH;32235;;8247
CH;32236;;8152
CH;32237;;8192
CH;32238;;8606
CH;32239;;8627
CH;32240;;8444
CH;32241;;8704
CH;32242;;8442
CH;32243;;8340
CH;32244;;8816
CH;32245;;8335
CH;32246;;8634
CH;32247;;8810
CH;32247;;8813
CH;32247;;8812
CH;32248;;8194
CH;32249;;8825
CH;32250;;8308
CH;32251;;8926
CH;32252;;8310
CH;32253;;8302
CH;32254;;8934
CH;32255;;8483
CH;32256;;8314
CH;32257;;8315
CH;32258;;8708
CH;32259;;8460
CH;32260;;8933
CH;32261;;8124
CH;32262;;8706
CH;32263;;8932
CH;32264;;8617
CH;32265;;8606
CH;32266;;8413
CH;32267;;8166
CH;32268;;8212
CH;32269;;8309
CH;32270;;8425
CH;32271;;8102
CH;32272;;8942
CH;32273;;8165
CH;32274;;8912
CH;32275;;8618
CH;32276;;8955
CH;32277;;8152
CH;32278;;8475
CH;32279;;8112
CH;32280;;8913
CH;32281;;8422
CH;32282;;8197
CH;32283;;8487
CH;32284;;8352
CH;32285;;8158
CH;32286;;8105
CH;32287;;8462
CH;32288;;8805
CH;32289;;8427
CH;32290;;8153
CH;32291;;8803
CH;32292;;8332
CH;32293;;8493
CH;32294;;8833
CH;32295;;8952
CH;32296;;8472
CH;32297;;8712
CH;32298;;8143
CH;32299;;8499
CH;32300;;8632
CH;32301;;8800
CH;32302;;8466
CH;32303;;8488
CH;32304;;8713
CH;32305;;8707
CH;32306;;8143
CH;32307;;8248
CH;32308;;8103
CH;32309;;8902
CH;32310;;8610
CH;32311;;8604
CH;32312;;8820
CH;32313;;8304
CH;32314;;8195
CH;32315;;8484
CH;32316;;8342
CH;32317;;8542
CH;32318;;8492
CH;32319;;8489
CH;32320;;8175
CH;32321;;8185
CH;32322;;8411
CH;32322;;8401
CH;32322;;8410
CH;32322;;8405
CH;32322;;8407
CH;32322;;8408
CH;32322;;8409
CH;32322;;8400
CH;32322;;8406
CH;32322;;8404
CH;32322;;8402
CH;32323;;8702
CH;32324;;8126
CH;32325;;8087
CH;32325;;8056
CH;32325;;8042
CH;32325;;8035
CH;32325;;8008
CH;32325;;8091
CH;32325;;8022
CH;32325;;8034
CH;32325;;8043
CH;32325;;8044
CH;32325;;8032
CH;32325;;8045
CH;32325;;8046
CH;32325;;8057
CH;32325;;8047
CH;32325;;8051
CH;32325;;8060
CH;32325;;8048
CH;32325;;8020
CH;32325;;8021
CH;32325;;8061
CH;32325;;8049
CH;32325;;8030
CH;32325;;8037
CH;32325;;8001
CH;32325;;8063
CH;32325;;8050
CH;32325;;8024
CH;32325;;8029
CH;32325;;8023
CH;32325;;8002
CH;32325;;8064
CH;32325;;8038
CH;32325;;8053
CH;32325;;8031
CH;32325;;8025
CH;32325;;8003
CH;32325;;8065
CH;32325;;8039
CH;32325;;8027
CH;32325;;8026
CH;32325;;8004
CH;32325;;8066
CH;32325;;8041
CH;32325;;8040
CH;32325;;8028
CH;32325;;8033
CH;32325;;8005
CH;32325;;8079
CH;32325;;8055
CH;32325;;8000
CH;32325;;8036
CH;32325;;8006
CH;32325;;8052
